candidate_id,qa_review,reviewer,review_notes,edited_question,edited_answer,edited_evidence,edited_category,edited_difficulty,clear,premise_correct,direct_answer,evidence_correct,no_outside_knowledge,no_missing_context,category_reasonable,not_metadata,unambiguous,test_clean
DQ00001,,,,,,,,,,,,,,,,,,
DQ00002,,,,,,,,,,,,,,,,,,
DQ00003,,,,,,,,,,,,,,,,,,
DQ00004,,,,,,,,,,,,,,,,,,
DQ00005,,,,,,,,,,,,,,,,,,
DQ00006,,,,,,,,,,,,,,,,,,
DQ00007,,,,,,,,,,,,,,,,,,
DQ00008,,,,,,,,,,,,,,,,,,
DQ00009,,,,,,,,,,,,,,,,,,
DQ00010,,,,,,,,,,,,,,,,,,
